Year,State,co,no2,o3,pm25,so2
2000,Alabama,0.3243962794887056,5.983592769805964,57.601273483203606,15.064598067320654,3.2518175691724194
2000,Arkansas,0.327984455218286,6.059882301125764,53.94255144507095,12.07696217985096,2.859270688188132
2000,Arizona,0.4222652976201355,9.915900545942028,58.282240392659965,7.40038324564126,2.343078021586656
2000,California,0.4623931822026577,10.756097948263637,48.63581526416693,10.896778941339914,1.9308571579023854
2000,Colorado,0.3838614875232624,8.429846905909782,59.83663899709839,5.501561477289765,2.511781964799571
2000,Connecticut,0.43121842690586154,13.493690303172174,44.0939405597895,11.036685654053901,4.020771500350785
2000,Delaware,0.39852243261723963,9.591163859844297,52.2136479801756,13.645087724338934,4.6600761132009065
2000,Florida,0.3768396578393042,6.763039186992442,45.732860570980755,11.127538606872564,2.4471186602118915
2000,Georgia,0.33026890556138494,6.155635159014436,55.85383965598238,14.971330561197544,2.9531487771143463
2000,Iowa,0.32904702647690626,6.481277415252122,45.14453239847604,9.944117803975159,2.3189684098931793
2000,Idaho,0.43824962996581523,6.745139760641371,50.4416440612132,7.004395421831535,2.379268413358481
2000,Illinois,0.3675903114144259,8.760771635001667,48.73098581017791,13.793601776707094,3.6378253652796144
2000,Indiana,0.35420287115079196,8.416531841981621,51.00144432661423,14.71640783744547,4.735377699725952
2000,Kansas,0.4302822767921582,5.955563153653745,54.91043487055983,9.348022565423703,2.3590545544384005
2000,Kentucky,0.29013798912898114,7.957281090963329,53.569334071440004,14.93667588504943,4.470682622677619
2000,Louisiana,0.32705956597346103,6.854984934253217,52.3510610253145,12.27167143602992,2.7976682553203625
2000,Massachusetts,0.43803711920223615,12.25745661070377,41.79449286682791,10.573096768941847,3.968939716003469
2000,Maryland,0.3773173540489756,10.129911947621377,51.382079590452655,13.952996964668655,5.4987739925131045
2000,Maine,0.3300307842115129,5.067321661577975,38.263848137338414,7.1416725540609844,2.305487957793678
2000,Michigan,0.2848142581064485,7.1635479636812684,44.215173270271734,9.652545325952616,2.5082318137919564
2000,Minnesota,0.35862019125492395,6.9884861328990695,42.16260219345962,9.178332205876687,1.945075508088015
2000,Missouri,0.37091697602818774,6.610183430001299,52.59545001929294,11.730048582836469,2.9465399263971093
2000,Mississippi,0.31013684853080853,5.412274857815657,56.59772857622075,12.712402655244087,2.5864042229637136
2000,Montana,0.4219328020363848,5.881343888565951,45.31301981632953,7.603763344714355,2.3671200814049653
2000,North Carolina,0.3613524844437317,6.93630918427531,55.37863556180621,13.563129139832254,3.692341402198791
2000,North Dakota,0.4179733652706367,4.583721493343628,40.048642453913345,6.386415242531604,1.837386995312135
2000,Nebraska,0.4021767724740396,5.961581733428168,47.76794709928841,7.703014713382702,2.1052543859163992
2000,New Hampshire,0.33135184300011067,6.501943174073418,38.17354506651734,7.70950087654933,3.032391588358879
2000,New Jersey,0.5342122980725189,16.208012390187996,48.72234308655098,13.078309934484672,5.129699288185192
2000,New Mexico,0.39051334223994494,7.026988869787278,58.884531311941494,5.249828006875652,2.2924652515813553
2000,Nevada,0.398559741861983,8.055164357999052,55.37902481977982,6.6654666505451825,1.9549961701255913
2000,New York,0.38827104745530217,11.044918345588497,43.83923475740715,10.39070327507784,3.560739186538735
2000,Ohio,0.3201351692882698,9.159610633538177,51.853099208618616,15.432284388342682,5.086721211562832
2000,Oklahoma,0.39568576536597005,5.86781668044377,55.88435318100468,9.795608939022488,2.795331092544065
2000,Oregon,0.5277514925332774,7.371813393077637,39.420445314040904,7.586447656561798,1.8733800995200558
2000,Pennsylvania,0.32934157246033297,10.011806408303807,48.30240453256454,13.184677779398251,5.638085358206022
2000,Rhode Island,0.5087801632535236,12.22349240414594,44.1683364813415,10.3852996188831,4.327674372069916
2000,South Carolina,0.35429714705486426,5.782164783129301,55.640181041212244,13.949322323995913,2.6563899291619792
2000,South Dakota,0.3911210925331299,5.389680725337695,44.29421858907825,6.8323157358755795,2.0181658873570325
2000,Tennessee,0.327402810760564,8.206128249107117,57.539694042648335,14.875039480778694,3.7378236167507777
2000,Texas,0.3169486812694388,6.136630318774868,50.98605061357745,9.641089925055782,2.3648042715984054
2000,Utah,0.3833370193187754,9.786449301924597,60.293444827322816,6.532001344774131,2.1343241848400885
2000,Virginia,0.35937728450893525,8.905434336731087,52.33042659933111,13.13422889372633,4.288093919010261
2000,Vermont,0.32243645717756736,6.339561141276468,38.86478003509817,6.838419316759892,2.8024354567167324
2000,Washington,0.5119707335009535,8.08122666506746,37.08398496321706,7.57140061408859,1.7526917097784172
2000,Wisconsin,0.2926467503547656,7.189764215291526,43.46008877605429,10.091649162689574,2.6292443378305066
2000,West Virginia,0.31519882724507076,8.846017705359266,52.560695365902724,13.941666213703396,5.383797010976081
2000,Wyoming,0.39275196424069514,7.796099512670818,53.09176161757811,6.638767633056354,2.4097017704970605
2001,Alabama,0.2891476507488052,5.57414095708957,51.97347318474767,12.45555169802435,2.296940476446958
2001,Arkansas,0.3154861570395295,6.2007056759425945,50.11407465608717,11.25435385769129,2.3398638724096332
2001,Arizona,0.4256924841591346,8.567559586788661,55.012054687931915,6.251265715218962,2.548175065349476
2001,California,0.4332325520831758,9.964283136824212,49.82215815027236,10.488238041934837,2.0112760069643736
2001,Colorado,0.3950823728086024,9.989742721090916,58.70477474478548,6.026113363353871,3.3294361676004796
2001,Connecticut,0.40646047647255823,13.474606289094362,50.77357075022249,11.433621837843937,4.137870047971047
2001,Delaware,0.37187961713279766,10.828218027395794,56.48141909712916,13.783744499359335,4.0807322210654835
2001,Florida,0.3763837135033308,5.894963896131689,41.26501865831346,9.82979951334295,1.8319950065837731
2001,Georgia,0.33390532164998005,5.650469866709563,50.60796458748107,12.66368570461764,2.3471975268001675
2001,Iowa,0.2976566220084534,6.597513503887774,43.51587589021824,9.954326841093138,1.8391876698137892
2001,Idaho,0.4399340705970332,6.960044069835971,49.90645827083046,6.736508578020042,3.3219392332238202
2001,Illinois,0.32898347775050146,8.936729489875198,51.20967946372855,12.876576734308795,3.3256120228098385
2001,Indiana,0.3108408276423011,8.763993812637647,54.0123147431701,13.555644773503383,4.217576301710026
2001,Kansas,0.39664213503271084,6.916078178429547,53.82190472188402,9.295394655265113,2.0628979217364387
2001,Kentucky,0.299756033926539,8.052805075656899,53.89603463498057,13.581567011720027,3.723590915843036
2001,Louisiana,0.330684942800804,6.730382414953454,46.898561898081276,11.010243074453436,2.3809760577917016
2001,Massachusetts,0.4155701993036832,12.927150052961844,47.99759992046006,11.421886293019213,3.950339283779532
2001,Maryland,0.3688857109150345,11.404539247956306,56.834126917052224,13.378490278796562,4.396905169964452
2001,Maine,0.32040223237441273,5.517429665286961,43.40251126561245,7.927997779280564,2.142187665806716
2001,Michigan,0.2937099635378527,7.587024700592842,48.869054695818804,10.100896927700603,1.9777449585498528
2001,Minnesota,0.3237947706280811,6.56937488351662,43.369221332337695,8.709311374456448,1.6653612061989091
2001,Missouri,0.3221873539614502,6.768991006505068,52.29907775315415,11.442996023141806,2.257191585364599
2001,Mississippi,0.30338097375100587,5.421264531313083,51.200194017276964,11.066909939750945,1.970473171380148
2001,Montana,0.40064124337234114,5.692090215406764,46.205766827076964,6.430656078169757,2.5745868048328164
2001,North Carolina,0.36319287997806654,7.051351578791586,55.17544834232928,12.071264367812635,2.9921390272174992
2001,North Dakota,0.39873764031795966,4.713253574790332,42.273442521698186,6.944118491148955,1.9168050442966573
2001,Nebraska,0.37200229983456534,6.645414475360186,47.49689707476316,7.813068068532766,1.9737951257583093
2001,New Hampshire,0.30554934205892587,7.065743800481563,44.08050252793309,8.02369332551252,2.979604475545462
2001,New Jersey,0.5017960058352747,16.775573501157787,55.07925090718461,12.743685163671941,4.908662550041238
2001,New Mexico,0.3948263428570769,7.374382207889273,57.11891880992631,5.316583466307596,2.63885388769922
2001,Nevada,0.39124493571220376,7.326371978816144,56.37779976023836,5.825449622763366,2.3557678388733527
2001,New York,0.35772992599980064,10.679432843312222,50.33462395472073,10.558308151031529,3.673005287499949
2001,Ohio,0.31235257643067776,9.184944620976804,55.643242192267806,14.024395194554893,4.820198773531754
2001,Oklahoma,0.40196967886177837,6.469254360505162,55.46710750147437,9.78728390604572,2.339903369214348
2001,Oregon,0.507943874071271,7.644098278530553,41.35206811910821,6.582334135127258,1.7679122658664872
2001,Pennsylvania,0.3178475197202832,10.276997617138596,55.25127780696096,13.317581422704334,5.85953310581111
2001,Rhode Island,0.43080879542559963,13.09661413317366,51.15391841219268,11.292245934835721,3.956643790459764
2001,South Carolina,0.3579278452792898,5.455698583627766,53.09565094848315,12.197444472877747,2.413067124821039
2001,South Dakota,0.361677468117521,5.413198549071512,46.87818215428201,7.397622278469331,1.7879223964151338
2001,Tennessee,0.3216987517245161,7.752959246944383,55.755153060845615,12.891605857389013,2.961221480689794
2001,Texas,0.3523750220449117,5.8999109359798085,49.85098938636949,8.666759054617971,2.004021189735623
2001,Utah,0.393952839248426,9.936369049554203,59.52935102429934,7.299369951756551,2.6465796044659076
2001,Virginia,0.36944457086202237,9.60187224149992,54.96543812067005,12.621144243325162,3.1936799068629993
2001,Vermont,0.27836738231147956,6.490399018429479,43.97292773717793,8.032782300312622,2.6471080531797364
2001,Washington,0.48856382870825055,7.560231698240398,38.335620283450275,6.779570395203851,1.8024559895553587
2001,Wisconsin,0.28014202103505836,7.675429907085217,46.05434948183507,9.970237512854077,2.1729517235547835
2001,West Virginia,0.319532116656441,8.786715472367076,55.571721030802784,13.439570259851404,4.909891255132842
2001,Wyoming,0.3764444615397928,8.292963666768879,55.75404647552065,6.1563085882155955,3.2399008594476664
2002,Alabama,0.3016607546559263,6.854520247442135,51.04457818352232,12.591774816968742,2.616578651577328
2002,Arkansas,0.3375459645312671,6.72221713145108,52.74356158584378,10.506176804211087,2.3027863219979596
2002,Arizona,0.39075984484035736,9.506311066938347,57.39188157939451,6.854579590829393,2.1616240191697305
2002,California,0.42286544644070667,10.33176650408575,54.70571069407507,11.175343661102815,2.01535622230618
2002,Colorado,0.40812666254265284,10.64717994390191,54.64138318473296,6.143405222274268,3.1801993320479567
2002,Connecticut,0.46369495725445387,12.985292831108838,52.04702997889745,11.261282400469737,3.743994371785161
2002,Delaware,0.36835798036067097,11.675441340487382,59.41389506900177,13.060276866257,3.647462573367683
2002,Florida,0.3557420811372298,6.364690888434509,39.72416297852058,9.25116838719939,1.8090463666663492
2002,Georgia,0.3357721685735542,6.21850725641358,51.28340168979701,12.146650506653923,2.634960802410575
2002,Iowa,0.36044789503943847,6.844498996191728,47.267268958958596,9.532773135603096,2.127440223347073
2002,Idaho,0.3777296634187282,8.543826482057591,53.452789267534804,6.545697427473453,2.4926366707875354
2002,Illinois,0.366896818108661,9.355373283989644,54.55318547009132,12.395549921295821,2.9214603512616133
2002,Indiana,0.3755772080751025,9.939921396676986,59.0056149827573,13.58122623695651,3.7643451313186187
2002,Kansas,0.42314683501364336,7.2416887460054795,48.569262073757564,8.709120528525474,2.107822270048543
2002,Kentucky,0.3881991849686908,7.989997154323749,57.022453385053026,13.184480483968825,3.4498326152565344
2002,Louisiana,0.31097352949011686,6.910628975987333,46.310594205882424,10.112206130607962,2.4633451111690143
2002,Massachusetts,0.44234506203000457,12.519507011133014,50.01306883807036,10.558173002939077,3.5874790670234336
2002,Maryland,0.40444682091268747,12.261104253707606,59.969050415168255,13.230684720596345,4.135313077855255
2002,Maine,0.36801709545015676,7.061896672476519,44.05155553930752,7.341208747163896,1.8710213984002355
2002,Michigan,0.3972416496764532,8.990875979423377,50.287972117537294,9.824159141138978,2.156358861649876
2002,Minnesota,0.4053367412472879,6.867906329064553,44.883172084916,8.065158078674463,1.835243135244812
2002,Missouri,0.37956946827302146,6.7392909737032785,54.25473768964116,11.580443777257539,2.426170471429353
2002,Mississippi,0.31418014232455493,6.620379492747882,48.87594203740649,10.936629354237901,2.1746082158379596
2002,Montana,0.4190651380635502,6.303700317721993,47.32646172869868,5.77621066352056,2.0550372853224403
2002,North Carolina,0.3526942722168521,7.798897499770387,58.28159043315201,12.040396655712511,3.130038829224946
2002,North Dakota,0.4274313240667955,4.7213300012963115,43.63522029588955,6.3916699960867,1.7507661573818185
2002,Nebraska,0.42592609477115323,6.73110065588691,45.415118241029475,7.005078727784961,1.9784521273818143
2002,New Hampshire,0.3506884324566752,8.13390485001938,45.70743574883173,8.014374581940645,2.4308354988555743
2002,New Jersey,0.4718920215935673,16.074440339495244,56.72872960492879,12.505203606624885,4.173635430856784
2002,New Mexico,0.39504493949805153,8.355603816498174,55.14590455279873,5.406430014958122,2.726108736844054
2002,Nevada,0.38932412752209133,8.227217324030718,56.92464354062368,6.31260081427939,2.133945683797566
2002,New York,0.3878635673235931,11.472574714112316,52.876807276758626,10.58866035936509,3.2334572634586105
2002,Ohio,0.37740745167563355,10.34539110847945,60.599369624909194,13.7912521680934,4.318901212739166
2002,Oklahoma,0.4167112683702394,6.497941189962314,52.86027608074117,9.362908692761936,2.21979567970715
2002,Oregon,0.45120610859837956,8.18337349380354,43.51958796410416,7.005782600714189,1.53937900885111
2002,Pennsylvania,0.40806654830416383,10.010005638828272,57.95111198639909,12.790734560163001,5.301334522899674
2002,Rhode Island,0.4845149826844418,13.006864227302279,51.5180685467264,9.686302730520037,3.518868220095886
2002,South Carolina,0.3151002668738168,6.261285329007809,54.080659740475014,11.91302004711487,2.5961913655943105
2002,South Dakota,0.39415521846143636,5.324122147902737,46.260463719778386,6.70453352572497,1.633024479830862
2002,Tennessee,0.359277744804286,7.944327411742773,57.640465618043535,12.602576676354992,3.0264508428573706
2002,Texas,0.38972531922554243,6.511840079804354,49.44880627226516,8.614979015915567,2.0036179619839287
2002,Utah,0.3517916739150953,11.022563871958427,59.060623505767566,7.813264840675197,2.434466427971711
2002,Virginia,0.4033513004216259,10.116331066770208,58.658962484117865,12.418435232448646,3.140855442722596
2002,Vermont,0.34520439703028577,7.463055641823137,45.80136199019411,8.216819030561924,2.5758930336669037
2002,Washington,0.4131610915749633,8.997413267415677,40.44617765450633,7.051009712535736,1.5646296413920733
2002,Wisconsin,0.3845031956456703,8.100115398929837,47.23285220443107,9.89637890455766,2.2409106963240446
2002,West Virginia,0.49726299006557617,8.405076411814626,58.670504357511724,13.36915078079642,4.913779883846907
2002,Wyoming,0.40900924557761653,9.073003381485318,54.20567588231312,6.1378720763766745,2.650840555141002
2003,Alabama,0.27232363442604246,4.929346961915924,45.677892598778215,12.196929083520036,2.370881099957305
2003,Arkansas,0.3462246965589951,5.9978750754709935,50.648943934405125,10.751409581973057,2.2674898052536365
2003,Arizona,0.4663145818880002,8.984832223268198,57.1007928037862,6.916444049737796,2.155552153556569
2003,California,0.40446574296064797,9.825083538183419,50.92527141012802,9.282489377435969,1.4616134804914105
2003,Colorado,0.3782987984975858,10.411437561965924,54.386743282675695,5.991199170910371,2.543740586756992
2003,Connecticut,0.4950203273782209,12.05897216900904,47.104675036787185,10.967511971557968,3.7691785792799015
2003,Delaware,0.30820891976331566,10.838277847365587,51.1894274500674,12.782763176151233,4.29900688244341
2003,Florida,0.327384691885209,5.757706569003918,36.90264931936038,9.101145669457821,1.56860433261845
2003,Georgia,0.3182449224387045,5.1336181149554205,44.913239093160925,11.933115211571407,2.0813778081240994
2003,Iowa,0.2563692254920182,6.693579186583672,45.66635142555596,10.214065827940228,1.974453942537171
2003,Idaho,0.4116439148390356,7.587112267755321,53.440431395413455,5.950973631597041,2.500414579922748
2003,Illinois,0.3257273693916697,8.848019717157197,50.60574202353997,12.560126358520556,3.1687481774753907
2003,Indiana,0.3148425566295336,9.201223917303844,51.846307084540996,13.371308877644475,4.351325361287601
2003,Kansas,0.31624072135716547,6.413546214996803,48.20682525784991,9.264488706648764,1.9194986546834476
2003,Kentucky,0.4187778720325638,7.352852882434632,50.415513871509624,12.399984770027563,3.958822176653851
2003,Louisiana,0.2878976171894697,6.617529369517056,44.79436084571724,10.960733574283797,2.358883862326778
2003,Massachusetts,0.4548732737566711,11.410192916733779,45.44124773676254,10.238304591804862,3.8191500399161944
2003,Maryland,0.3606458663672775,11.989749980269723,49.827223891047794,12.587629679256585,4.663216379542772
2003,Maine,0.3567308129670351,5.4539009692696805,41.069587954707025,8.288094054233161,1.9461829907010824
2003,Michigan,0.31896849377728564,7.633159841530113,49.299259608183135,10.04031210132697,2.2624088279772163
2003,Minnesota,0.2982059494260953,6.336216195191183,46.087800150310166,8.387869175807316,1.6677067155299292
2003,Missouri,0.36967445065888843,6.2790037642080305,52.072484031572266,11.273498932357016,2.3166920733696084
2003,Mississippi,0.28290968777707426,5.223154446345511,46.60290867288534,11.221862685185293,2.076102272068885
2003,Montana,0.38417910787615955,5.655599035874395,49.42596109727989,6.4768111775546435,2.308934171223607
2003,North Carolina,0.3773252426123869,7.214582054789349,49.84881622925371,11.40451882273963,3.107881726925768
2003,North Dakota,0.3352773446794429,4.544942855706348,45.62334395863264,7.450245272725868,1.8234556236703732
2003,Nebraska,0.30653500853380417,6.002963494749026,44.566832054026314,7.753177701085369,1.6212998324341472
2003,New Hampshire,0.3659475972180641,6.043889508414077,42.2998337792992,7.987105980231242,2.717331043820591
2003,New Jersey,0.4663224900381858,15.450089087012966,48.7991309435546,12.67051810593907,4.802638643692844
2003,New Mexico,0.33801971791369256,7.7946478074656325,57.76083242652419,5.9275219067279155,2.0804894330997095
2003,Nevada,0.39526550990714826,7.857420481803327,56.742031721468926,5.81429632285517,1.9175094393043177
2003,New York,0.40604224814922046,10.512522616346834,46.96195354596089,10.024010936207137,3.5714226660945094
2003,Ohio,0.33008691413542485,9.680721880314975,52.17682279856169,13.290354806116532,5.044828690173307
2003,Oklahoma,0.34984092893278906,5.968009021513504,53.7650668708316,9.930656934783265,2.2900424232312937
2003,Oregon,0.4523606754396059,7.293691767274684,46.24323514967477,6.530527473452436,1.4180047698261502
2003,Pennsylvania,0.39087872364732973,9.711199839671954,48.47413434187757,12.924618734022774,5.837134770709133
2003,Rhode Island,0.4656585824083426,12.70424958362112,47.90929086501454,10.200066494907322,3.590080809797886
2003,South Carolina,0.3203917953647792,5.652928457516314,45.370213043615294,11.562362774572625,2.1792207800511285
2003,South Dakota,0.3021934185069371,4.83614146242507,46.75263343124481,7.276720187641841,1.5744672926057153
2003,Tennessee,0.39702861937096295,6.159698524275435,51.918784610393175,12.154273128434781,3.281309645857076
2003,Texas,0.3158112791987553,5.970573037723329,50.59692004464398,8.973284599516978,1.751814334225152
2003,Utah,0.4193839324320559,11.080648815696879,60.267590690639686,6.179499962450848,2.4226035516008864
2003,Virginia,0.41920770833022525,9.466223650393577,49.03406839266303,11.951723742676343,3.365503165499896
2003,Vermont,0.38375304938294647,6.416424951816717,43.36119078024304,7.552653036302382,2.458792740569328
2003,Washington,0.4435408543768264,8.120083539227323,44.39018249992596,6.830836439769795,1.5235516618903677
2003,Wisconsin,0.3080157642693859,7.681958378524322,48.07031874853317,9.809471151615355,2.1543418667646144
2003,West Virginia,0.5234311734470621,7.947811321126821,50.020430076443255,12.753851081071279,5.523498742735676
2003,Wyoming,0.3866247103598895,8.225652913784279,55.30976391171481,5.7431702898843255,2.6242058530051753
2004,Alabama,0.2855313934440631,4.867003273038357,46.34782215673182,12.094086715215795,2.2980993439578343
2004,Arkansas,0.29782842942597093,5.347973738882137,46.5325981170596,10.179183964395008,2.063218637464193
2004,Arizona,0.4425422283011823,8.994194378636239,54.50362916839993,5.763390161312354,1.6908550695753026
2004,California,0.3886139009924545,9.172298169645707,46.376639519947815,9.402862557615403,1.6004326203200891
2004,Colorado,0.33459891840181294,9.163887549046668,54.56967989425526,5.5423822840462735,2.172817746119216
2004,Connecticut,0.34148603499904,9.671996511617502,44.99716172211647,10.332665595379682,3.582639616243184
2004,Delaware,0.37746064205145063,9.870055903734418,50.52213704121664,12.973404497093702,4.011323627617417
2004,Florida,0.35407389833240804,5.018882328514578,40.37860574941258,9.705998315568241,1.6523832654020718
2004,Georgia,0.33537581153516643,5.384300548383673,46.0995610154056,12.680687508083553,2.4230321684078926
2004,Iowa,0.3357533753753575,6.7736669220874495,42.08335368665682,9.208296480417882,2.437796231068194
2004,Idaho,0.4436635455187245,7.6199321756361575,49.115494660070596,6.496722678160532,1.982749807501571
2004,Illinois,0.3831355440386487,8.11183967968422,45.92475660749166,11.193075737944632,2.9467148154720935
2004,Indiana,0.3930522586702892,7.90142287734791,47.877900628462456,12.197417090571038,4.108233262114425
2004,Kansas,0.2967061435342292,6.462593675679502,47.52135543591878,8.566251268918966,2.018606290082439
2004,Kentucky,0.3313078581702985,6.415146387783052,46.318770854755634,11.681629156543488,3.360027315389944
2004,Louisiana,0.3065929595682617,6.412367933638114,43.75036919430715,10.38686694769347,2.3849184603005917
2004,Massachusetts,0.33773549185060847,9.509292507788018,43.06438266670255,10.466745171932356,3.386386583298883
2004,Maryland,0.3575902788840007,10.160823848796461,50.56735636960736,13.17228957215844,4.53749467195178
2004,Maine,0.2640289006531051,4.151079187085808,38.76421222787754,7.549085460328203,1.7259719572607937
2004,Michigan,0.2976427771289938,6.029575260399707,44.0122171590303,8.725317420999426,2.350511881984603
2004,Minnesota,0.3084406737795363,6.2907008211932,39.38029701130187,7.650305407951579,2.177503286542589
2004,Missouri,0.3090042824837773,6.011436375365443,46.24823689405169,9.855456820073549,2.313945670617557
2004,Mississippi,0.29272682346644086,4.888250707159394,44.35287506090976,10.62177733471896,2.1298661151823683
2004,Montana,0.3329974081416872,5.923291868638903,44.164609042710666,5.648480482274647,1.682261984120926
2004,North Carolina,0.34356292770216407,6.051292749792148,46.98073723114113,11.689862116883894,2.832747657512761
2004,North Dakota,0.32259787267274403,5.504644340050751,38.9685549362816,6.543723878969901,1.9338762957213964
2004,Nebraska,0.285567127404177,6.208424968470798,45.19442094576861,7.100862751394105,1.9418387378892856
2004,New Hampshire,0.2687844318661823,4.939439751757176,40.76099305762479,7.901104787138999,2.64665431822593
2004,New Jersey,0.43152899597179467,13.884844934089875,48.423371757738586,12.183709704976721,4.466401674074582
2004,New Mexico,0.3154934942708407,7.339242117814805,54.218017357002736,5.04490881734229,1.8670930118021707
2004,Nevada,0.4057234354894582,8.652795704309453,53.89427581464234,5.3980520192936305,1.58220410391099
2004,New York,0.34459748143991153,8.929553674488314,43.89709884229678,9.684589100109584,3.065407643883887
2004,Ohio,0.35465101104534336,8.647432233737648,49.42096644325184,12.797387383866527,4.8082870068536385
2004,Oklahoma,0.29358737073947655,5.755004532805958,49.38211664600612,9.432354131825562,2.117090670830929
2004,Oregon,0.49747195420998225,7.15461412316189,39.97870404515541,6.42189172978189,1.2928479205405239
2004,Pennsylvania,0.32678847345281475,8.700796088993531,48.04712469849891,12.386566553426709,5.200073378021948
2004,Rhode Island,0.3558183157895278,9.941238527720929,44.24501683655786,10.150974293316548,3.514191582263982
2004,South Carolina,0.3457248356387694,5.433258505955939,45.857609181961934,12.359917684577727,2.3152966350691466
2004,South Dakota,0.27373658353662483,5.079700447641248,43.03474113265929,7.144862684164331,1.695264089159177
2004,Tennessee,0.32064460348235047,6.279935118966644,47.796674949989516,11.774335962207676,2.8963774637520836
2004,Texas,0.3034579073585063,6.271838537826798,47.513707166749974,8.30552829618026,1.7729466943788457
2004,Utah,0.3919623493985238,10.260682426180873,56.75457435719442,7.476881737868138,1.8070152739118077
2004,Virginia,0.33856522982000853,7.9800786609055825,47.41947203085111,12.135281855324195,3.166054077769253
2004,Vermont,0.2716493047595423,5.025655071049783,40.03516603052651,7.5779521320952155,2.4707458159334026
2004,Washington,0.4855853458384832,6.94560210911668,38.0403217469062,7.127909243551266,1.3756368447692449
2004,Wisconsin,0.29391220317460737,6.547363219904627,41.88752233282331,9.090194851025315,2.296062658441742
2004,West Virginia,0.31069376388182673,7.189505618901855,46.19787530863076,12.381025816308558,5.01238085065423
2004,Wyoming,0.3458129033486996,8.820577264363642,51.939209020723645,5.669562355741441,1.8598200557590516
2005,Alabama,0.36494236093902527,5.431179550020824,51.325322053870096,12.722713262799402,2.034003937997977
2005,Arkansas,0.31052277419581786,6.040990340304389,54.91867534081987,12.457263297528678,1.9226417592167453
2005,Arizona,0.42318441651040783,8.278818847723398,54.06479839460714,6.2219208773679355,1.8114114384481455
2005,California,0.3678739058807982,9.020959922334013,46.89319452850421,8.786139921368953,1.4510006036361256
2005,Colorado,0.3352680129410418,9.201086418236267,56.33921447090036,5.217237368420392,1.5495222232490837
2005,Connecticut,0.35757412097567826,11.392659119719127,48.0478376477307,11.098888419635923,3.4701911629410325
2005,Delaware,0.3689996654629017,10.916176575250256,53.509236453418,13.161357000393666,3.82160479495187
2005,Florida,0.3876961277518085,4.581649596845718,41.334972871873,9.604887045636529,1.510937115454279
2005,Georgia,0.3580972437368973,5.612440481380173,48.132803165199924,12.834030011646647,2.155009351627
2005,Iowa,0.3108994904138916,6.803069194885486,47.445185561918976,11.008917808971663,2.2801767403858997
2005,Idaho,0.40400723460837684,7.913656710244157,50.482318564507565,6.783693678597646,1.7609053351848423
2005,Illinois,0.3475768194714945,8.539399473352242,53.350853350016614,14.207553243236308,2.9271260837936297
2005,Indiana,0.3590637597427402,8.481453324968049,54.30704817401746,14.956341780988748,3.9908744649372587
2005,Kansas,0.306158519873745,5.7873178216247165,52.1960058872433,9.431784862936384,1.6308540364380082
2005,Kentucky,0.3649860753437452,6.909068844445683,53.60006939281912,13.819989152176907,3.3139430334988633
2005,Louisiana,0.3196694736346479,6.795957370805248,50.80733768623007,11.93584032352548,2.2002542681126167
2005,Massachusetts,0.3628483053657871,10.851514604505038,45.291129537205464,10.407706047931338,3.2751411238892416
2005,Maryland,0.3607650598474618,10.992666195481421,53.42403771705441,13.233214929195904,4.022384107215978
2005,Maine,0.3084185925040138,5.421231403838826,38.00590128029921,6.862456067954445,1.6521351791704775
2005,Michigan,0.28374741754298727,7.527688621387357,49.013199168932175,10.555923660463245,2.251497769209873
2005,Minnesota,0.3167189034139326,6.399732460500226,44.87939864341257,8.723307728237922,1.8661710096205504
2005,Missouri,0.3272877039982939,6.048288763754415,54.78410212368829,12.362320175013963,2.2839237720813568
2005,Mississippi,0.328641145212455,5.514896003367017,51.36634419602654,11.800056467440916,1.8330760709492155
2005,Montana,0.30362045878427724,4.821572589367366,45.197679120760206,5.933594429157488,1.4076890124505985
2005,North Carolina,0.3624807936088958,6.718984382217579,51.67374920186298,11.963410227655906,2.5665782152828234
2005,North Dakota,0.3053988772530545,5.016550412179826,42.2867909586253,7.003833590700598,1.4776154616115371
2005,Nebraska,0.2877159690413347,5.302071758789715,47.87688575865712,7.539151285437227,1.5462628529131153
2005,New Hampshire,0.3087841167152781,6.396480952706403,41.23306575923702,7.728144545589112,2.5520818535055367
2005,New Jersey,0.4262240627368008,15.978458005790893,51.240467641626246,13.072114405628946,4.389101097140191
2005,New Mexico,0.31417034865792015,6.514955863598086,55.00429323354681,5.16415653003202,1.4256373368758575
2005,Nevada,0.3953636005106108,7.193051117662848,53.309428345276864,5.396599999890334,1.564046277290238
2005,New York,0.3438021816305541,10.142079746621564,47.702361207029696,10.967677229921156,3.151355715971669
2005,Ohio,0.3493268131746787,9.677625394282254,55.162368125418816,14.801578532632037,4.340727729308913
2005,Oklahoma,0.3033557483988746,6.2870725580838105,54.96271473148631,10.99100826553486,1.8621957352874057
2005,Oregon,0.44556359328753026,6.761838528190173,39.337702909123976,6.863374585438838,1.1435805542328128
2005,Pennsylvania,0.3197120202630524,9.598270080001464,53.00152456334125,13.272988723252082,4.971456014308086
2005,Rhode Island,0.3789486441442378,10.904104855768258,46.3213446483844,9.889646314052325,3.211518183753544
2005,South Carolina,0.34570173742349003,5.45037690850837,47.76953806397351,12.893959978306757,2.103816056550092
2005,South Dakota,0.2718222781568448,4.045427559591694,47.147863541304915,7.424687224553556,1.3587378043598983
2005,Tennessee,0.3507274426745471,6.812683733668295,54.45630917657436,13.076109935928775,2.790486329449748
2005,Texas,0.27755950027605425,5.818295554300959,50.64683755433395,9.34288874743348,1.5858978654979656
2005,Utah,0.3928118474543274,10.037488268834041,57.96643547293538,6.447899649223522,1.7493610310888197
2005,Virginia,0.37026558722441133,9.27409226989426,52.0516811846241,12.770900038474439,2.9098435613679694
2005,Vermont,0.31089491380656264,6.124217711907335,41.37242280407451,7.664385521301952,2.5867019200005466
2005,Washington,0.48531309287414115,7.061999956244554,36.99447884720151,6.832382337210797,1.3024354170368702
2005,Wisconsin,0.2940780248485028,7.175421235848962,47.778179342816635,10.821896170841732,2.1831938990162625
2005,West Virginia,0.356557041274992,8.03467342167117,51.70017854220146,13.94519669859841,4.882485587917179
2005,Wyoming,0.32152252671824016,7.797639088757073,52.01164994842465,5.308158610462202,1.6655556805695582
2006,Alabama,0.3819317452823109,4.87163366123389,53.26018489057243,12.13124210181572,2.0785009958291223
2006,Arkansas,0.363494044386354,5.19496170836042,53.30817252084694,10.51496774066016,1.9325276520145114
2006,Arizona,0.37217870783317625,7.197475093130915,54.177018557317986,6.758208054613956,1.5954490211818033
2006,California,0.35452413596824917,8.24640562536303,51.23787569445735,9.302086668171151,1.575658470542843
2006,Colorado,0.32433384189385245,6.919000891616904,55.340848829334696,5.779176475856368,1.950815580416125
2006,Connecticut,0.3537420982819949,10.176275083823311,44.721665643674925,9.73336827603268,3.25963838114044
2006,Delaware,0.38773763177695497,8.4796703679811,53.4489002353699,12.031426735610234,3.3884871442048166
2006,Florida,0.4369789082699449,4.696710508750919,44.18153720404147,9.494625078894414,1.4068606977461826
2006,Georgia,0.381172769154552,5.307500892218235,52.61450662150629,12.741169242605197,2.249877467981113
2006,Iowa,0.2973507005168892,6.477333461650225,44.411629787013126,9.566373620904868,1.9740328787236745
2006,Idaho,0.31173932279247696,5.653151318418511,53.59755735377617,6.766589262228201,1.6982091785081188
2006,Illinois,0.33172958196643065,7.809248554480664,47.23681536323239,11.745971552022754,2.5030714069264053
2006,Indiana,0.37503402009734127,7.543378216479909,48.57991871487393,12.101263500005132,3.331673690836131
2006,Kansas,0.3394512663103095,5.699055815842735,51.91404792533609,8.546728581024869,1.7585717248261488
2006,Kentucky,0.35892510876010825,5.986160669463192,50.23495097073983,11.937746878749676,3.020482876514
2006,Louisiana,0.39770519527362996,6.383604563702782,48.80694404507742,11.46935720542208,1.9879619520417382
2006,Massachusetts,0.3663145547013155,9.42479760439879,43.624876976757164,9.092873231375618,3.0077752766334815
2006,Maryland,0.3975510801354088,9.36711728758477,53.3355469161042,11.927437975911632,3.5451063124886644
2006,Maine,0.3223080688071152,4.053651459549004,37.3729523971883,6.61599897468463,1.6566522254109306
2006,Michigan,0.31471988403288875,6.203070610694889,44.61016774964007,9.449987236456261,1.9062718967078618
2006,Minnesota,0.30035612902885184,6.200145635406107,42.43634462657217,8.154090231202398,1.5767821354111156
2006,Missouri,0.33148892836009025,5.911138548351458,51.75223916646278,10.304092598617567,2.088264811888328
2006,Mississippi,0.38246355859569264,4.908864052650107,51.84419175290075,10.634358337625962,1.7933180296154785
2006,Montana,0.3105400595414943,4.304212465156582,48.95545229418819,6.279930556449068,1.4518819113161996
2006,North Carolina,0.36220704940741677,5.735264383304039,51.724212559905396,11.530103064431474,2.577836473896959
2006,North Dakota,0.3071135610638886,5.254539498911305,44.531718230881,7.426757280247175,1.3850723426316027
2006,Nebraska,0.326783918055047,5.170353939444764,47.356133964316804,7.332031799589781,1.6266947047701454
2006,New Hampshire,0.3138421442605166,4.5516073567431805,39.64486758752632,7.153907951254776,2.407490893165627
2006,New Jersey,0.39356190756832293,13.026473712831475,49.21620406357007,11.649116934053579,3.780351738298436
2006,New Mexico,0.3088620435668741,5.907344106198385,55.295245229215595,5.449220028906652,1.6498212674070873
2006,Nevada,0.3564527891036673,6.3357658146404425,57.22486892791108,5.545176034661397,1.3524163720460125
2006,New York,0.33054228606384983,8.371988129403983,43.26396776247871,8.854367651806873,2.860458043048106
2006,Ohio,0.34667827880333174,8.06497642849961,50.194924108862125,12.216893644701553,3.624349136238716
2006,Oklahoma,0.3226949541830063,5.812659126977335,56.31507850701821,9.402017771077984,1.9202466911099303
2006,Oregon,0.33601599427174583,5.635742347329344,44.46437507076733,6.916491951884083,1.4504382116010637
2006,Pennsylvania,0.30822374180414747,7.861571992266329,48.23663462587078,11.2233053370302,4.550508425344304
2006,Rhode Island,0.38612110925875437,9.48282826599234,45.05646607546076,8.850066373124568,3.107291363244384
2006,South Carolina,0.3863164847184635,5.003385191079616,50.32465900892072,12.614760023573103,2.182560939132508
2006,South Dakota,0.30166303062201366,4.320924957529303,46.430160031589985,7.351173110001289,1.3560588203768242
2006,Tennessee,0.35010892408094463,6.19217261411547,52.932049154206716,12.068173608331708,2.667293007728151
2006,Texas,0.3100097204601744,5.665675321210877,50.60730927705615,9.181515839675644,1.5609643225831527
2006,Utah,0.33715639425892246,7.92979824063326,58.741443710052074,6.345936774158447,1.5879976381362886
2006,Virginia,0.3579384123898026,7.642632175033225,51.47485432187622,11.846068092143643,2.7915163048253477
2006,Vermont,0.29325287283867085,4.974401044837134,38.88243478980955,6.597664444398741,2.376938483070409
2006,Washington,0.3319041474076499,5.440640879585354,41.13993563416439,7.075196952572457,1.4688217952584144
2006,Wisconsin,0.29752238136924586,6.2715831493518435,43.71852776650447,10.348523654713247,1.8157290296584512
2006,West Virginia,0.3401067438305284,6.674025157405842,50.272535781871085,12.354750502313305,4.27534320185467
2006,Wyoming,0.31931168945818095,6.228653320943819,52.612878452863896,5.772773178128296,1.7301357652747271
2007,Alabama,0.2945725705590458,4.974450112396748,53.90358558565415,12.524714541371068,2.3328032983940457
2007,Arkansas,0.303408247890751,4.821720839332093,49.75904602980145,11.15244993808159,2.1560890816427625
2007,Arizona,0.37958928340560083,7.908788002463883,53.3594457117762,6.880161777691688,1.5272130325544586
2007,California,0.35239351804602426,8.075973200525231,49.59942922921413,8.846248584410098,1.433395313692509
2007,Colorado,0.3451778726324037,6.577003958461141,55.28090193700702,5.625000314288193,1.8692572621731736
2007,Connecticut,0.30423193639599927,9.417404471540253,48.82659650095799,10.01104967137593,2.530676342010085
2007,Delaware,0.32931534163973003,8.639107949807594,54.665031763179535,12.2954249908386,3.2182606020579634
2007,Florida,0.3153770382374704,4.572981303633251,43.76444333948067,9.161699590363046,1.5130205856692134
2007,Georgia,0.29627702549676155,4.887503989730172,53.20760758930437,12.498227045287432,2.3116934668319065
2007,Iowa,0.29159922943268,5.22716560757294,45.73566350861632,10.26636141873368,1.920723096127251
2007,Idaho,0.31457106030792087,5.01957295583476,50.6169459380884,6.9958474993760085,1.7927621936888103
2007,Illinois,0.30563809052409724,7.02915265712878,51.982888576547836,12.707262502362639,2.4029694473314933
2007,Indiana,0.32674720568283117,6.5590386276700166,55.21281645855841,13.241395329043113,3.2319250336422933
2007,Kansas,0.3223101491416588,4.927716301326062,45.911101127314346,8.720382420997218,1.42164980472096
2007,Kentucky,0.29579550781315395,5.532103421882707,57.85231219984368,13.073848164201355,3.0354446343190356
2007,Louisiana,0.3006698015695254,5.434353063722024,44.49705940700856,10.176566082300914,2.1275991446550853
2007,Massachusetts,0.3185728581160769,9.189270140255067,46.775291778161545,9.65802857715376,2.779642458864373
2007,Maryland,0.34102208789921584,8.63170377688863,55.27687649692976,11.982744189404274,3.7017762754067403
2007,Maine,0.27603554128296315,4.093251735491869,38.824902812693345,6.3510651642592215,1.630406512362004
2007,Michigan,0.2963391124634874,5.414384836889233,47.89525233549717,9.603310767522059,1.955770558182435
2007,Minnesota,0.2941143610984203,5.032863899636844,42.25320788570735,8.091576503280638,1.6422207431971023
2007,Missouri,0.29719827477833516,5.340708035677241,51.715871150950754,11.052992058391053,2.050784449461491
2007,Mississippi,0.29097409262533613,4.762501384240375,49.18202387561792,11.021895254420944,1.9643828892273183
2007,Montana,0.32333970914473903,4.078216038235946,45.17797647130501,6.905039140863467,1.5314518083433784
2007,North Carolina,0.293474063070003,5.23983820623273,56.009528169543245,11.122359511989167,2.3807900499468704
2007,North Dakota,0.31870011760689076,4.2316997383230985,40.55706207082795,7.103493299164054,1.2344730053166602
2007,Nebraska,0.31700467740064175,4.132910284291972,44.32244928216983,7.261453043743196,1.4467772598187911
2007,New Hampshire,0.2848189602988289,5.042535471431065,42.46300820421713,7.2938334467129735,2.4684063229763167
2007,New Jersey,0.3422602642299176,12.63542790597974,52.002725192158856,12.251673361417772,3.5550237963989737
2007,New Mexico,0.34222642133966485,5.640508576208082,53.57174914078882,5.181541940181119,1.5387698056972512
2007,Nevada,0.3765472935156924,7.542734741888649,55.6931871479715,5.860565935144395,1.352522355363593
2007,New York,0.3130410712608986,8.124980737948874,46.94824130663853,9.467304380422823,2.562592469811989
2007,Ohio,0.31546637590017723,7.201167773465368,55.19591505471089,13.1042122551501,3.5641402727858846
2007,Oklahoma,0.31768486529518947,4.976470654781484,47.439556232193524,10.360921386677257,1.7045252011336405
2007,Oregon,0.3197627845589179,5.182886967626121,39.55517512699656,6.434746630383119,1.26781369703635
2007,Pennsylvania,0.3067543387287136,7.891268626088908,51.92149696821371,12.020702024051712,4.102030555580182
2007,Rhode Island,0.3288474055550656,8.113138318295112,47.796071659726536,9.327039195944241,2.4922474739330958
2007,South Carolina,0.29356529645918183,4.822912937950781,53.02485059946358,11.497928343385398,2.0792815459956318
2007,South Dakota,0.3175747076883798,3.647798406138575,44.152959703935565,7.202083931273603,1.3216837592937867
2007,Tennessee,0.2931903052468846,5.530107421448383,58.554167189520406,12.62602821568678,2.6684361840865556
2007,Texas,0.3219855096727282,5.649679274681497,43.43629053571726,9.360418532597555,1.5393557508530458
2007,Utah,0.355202409581217,8.204960611742013,59.04926471133734,7.325459954264367,1.7243850999076111
2007,Virginia,0.308474496713247,7.063922635894823,55.02244943186512,11.813439608585332,2.7050840840237793
2007,Vermont,0.28402240722378613,4.779218357515977,42.100400316003366,7.258996478654488,2.2181247956312458
2007,Washington,0.31622971268859956,5.217147588945787,36.86104366613994,6.570248044300552,1.2533103295097188
2007,Wisconsin,0.28752780461778027,5.282546817648168,45.412447978584986,10.180155145476554,1.8156689422648833
2007,West Virginia,0.29231516655174256,6.479624536516162,55.53609081101001,12.922825703076972,4.18614034533067
2007,Wyoming,0.34171234519922894,6.160012235128777,51.68206440269442,5.9721354076739095,1.6467308624655643
2008,Alabama,0.2584703909773558,3.514156471840332,47.21199824978458,10.687896662757156,1.250363167055009
2008,Arkansas,0.2655369045358198,4.216106261919111,45.75037590396995,10.137650413338813,1.5285506007810519
2008,Arizona,0.33075469777831745,7.0848923884158745,51.029681218898894,6.461097880420772,1.5346461871076682
2008,California,0.31549188001804396,7.7104587878485775,50.26481281207653,10.041490915177647,1.1385670039234113
2008,Colorado,0.30017113183576977,6.322752797582455,53.91053672695607,5.38107148243344,1.049971558654085
2008,Connecticut,0.2785486379693239,7.917892796854328,46.34980182660161,9.484693229901914,2.3813705228671824
2008,Delaware,0.2894939138122017,7.772723428556117,53.251754912466964,11.5008475473819,2.634981404608387
2008,Florida,0.27402788692212865,3.952723621742456,37.576997088677,7.998024805109603,1.005596075619839
2008,Georgia,0.2574875775418968,3.9890430266352523,47.99640835295913,10.790770797137666,1.4230127554874752
2008,Iowa,0.2573442600871436,6.407651056108935,41.50332615747829,9.469450932591926,1.653298240873862
2008,Idaho,0.2757972739859689,5.849853902408963,48.78436746572956,6.198718162138474,1.3509977404545752
2008,Illinois,0.2618628920028453,7.448722403538498,44.94063572402869,10.99098043409689,2.333905201402134
2008,Indiana,0.2696757936534587,6.998650551159239,48.18823657343193,11.515563062217904,2.9075148017760264
2008,Kansas,0.2731883814320765,5.77925879840578,46.27446583886701,8.085263250311296,1.6723450375757463
2008,Kentucky,0.2680686073908834,4.8710917754261365,51.51468869007601,10.908797034087677,2.7587767804473464
2008,Louisiana,0.25448407890481917,5.337634059209115,40.87152293164187,9.553819967391906,1.6825741495715676
2008,Massachusetts,0.29737751175683197,8.409647740616757,44.930481369520976,8.991728898571557,2.3492027294168154
2008,Maryland,0.292627993997989,7.406023845573525,52.00090040284437,10.878695542929306,3.0014575481623473
2008,Maine,0.23548590408051445,2.4562704145225074,37.38579478313151,6.2038721239125065,0.8685734533477443
2008,Michigan,0.2480639117746386,5.260849682320667,43.19591815591982,8.439548323329946,2.0259984017689434
2008,Minnesota,0.2489155261073955,5.986779845163594,40.783745756505574,8.176531465217616,1.7480165893793331
2008,Missouri,0.28051286575041845,5.22301441754246,46.232130834599026,9.809834837892925,2.568648511454438
2008,Mississippi,0.2562130432189266,3.666209171669849,44.22724711136996,10.2079832722807,1.2837591531522219
2008,Montana,0.2814540276798949,4.651326222802382,44.8159873293766,5.920190454468988,1.3116279420707606
2008,North Carolina,0.25974319781914956,4.407249642131012,51.85830486987197,10.450901158253089,1.9241001342513235
2008,North Dakota,0.2671549448070704,5.446969849664899,42.17106313684714,7.124142460040256,1.465361489631755
2008,Nebraska,0.25519591567822336,5.22351121947748,42.44215668846981,6.85480552696804,1.3548587299644939
2008,New Hampshire,0.2559312366848774,3.5495033736493498,39.39702447238115,6.821325248676899,1.3652189746465473
2008,New Jersey,0.3045923843088366,11.4157850655949,50.10008307131706,11.007008328932395,2.7127889584798637
2008,New Mexico,0.28887886814061176,5.715360849018971,51.66678389603734,5.151511820190886,1.017253537149698
2008,Nevada,0.3237286887274687,7.216915548477692,53.52240571524508,6.663978941517683,1.2207009147659469
2008,New York,0.2841575945685488,7.371160448569798,43.58435361912637,8.633110264080425,2.2706552213190445
2008,Ohio,0.2667579809865221,7.166596513994247,50.66912157409431,11.658403897653926,3.159921124690723
2008,Oklahoma,0.2767678409339695,5.336667623296967,47.76378041350597,9.676257449539339,1.8348584296816264
2008,Oregon,0.28523188750315587,5.536397064694618,39.85333574154429,6.823473378644171,1.2639812650457045
2008,Pennsylvania,0.269031219527963,7.178554760028195,48.63562795562869,10.837647529068672,3.693229153856934
2008,Rhode Island,0.289436698377045,7.365643844615411,46.99081261223854,8.739280128221354,2.405052427996836
2008,South Carolina,0.2611417030646197,4.043960274943688,49.68256120738562,10.903812314172526,1.3829180092550835
2008,South Dakota,0.2768578993906546,4.488303258083903,43.06091094701866,6.8538796729252836,1.2459886681452113
2008,Tennessee,0.25734748164395777,4.7787693065675585,51.342104378175016,10.46687195652677,2.6649689363267677
2008,Texas,0.2868519239719206,5.504346500316022,44.5041347297392,8.64120242777517,1.1739617488434038
2008,Utah,0.3319588132410271,8.32451164420203,56.163239425262475,6.794772941512045,1.1710721405604285
2008,Virginia,0.2821687455104611,5.635057531079698,51.181114730950156,10.430672561931445,2.292489626649839
2008,Vermont,0.24328125741303191,3.8716840065717304,37.74212111804481,6.465282075816292,1.4129277797591828
2008,Washington,0.26853083167628994,5.442862709248811,35.11030998634548,6.469967756722045,1.1725758941629858
2008,Wisconsin,0.2456624142139931,5.55955205756837,42.004391387163814,10.379885433967805,1.9268521574820474
2008,West Virginia,0.23452346542243696,5.42613660876381,50.00766943979878,11.144998412826824,4.408679877491949
2008,Wyoming,0.312365782877652,6.0455083805108,50.82376370677453,5.547846866608896,1.3291087077531685
2009,Alabama,0.21841771279947123,2.7976220840490242,41.83715353986642,8.908060522940623,1.1195226290259952
2009,Arkansas,0.2709095926571556,3.2763101731829,43.9394670795333,9.14041961770245,1.3610413452580796
2009,Arizona,0.35017975978676213,6.594731246229142,48.45845154210033,6.028024014934689,1.6352695637133259
2009,California,0.3041771841912805,6.949624043855602,47.90270507940468,7.950534576615163,1.1841362614027897
2009,Colorado,0.29784149038970165,5.669822012291794,49.82999279894691,5.015809293715428,1.419902115536758
2009,Connecticut,0.26819141353263576,7.0012826816573535,41.79725745510819,7.799446670546966,1.8805577577997736
2009,Delaware,0.26672716126121865,6.835077751723077,45.44361017221354,9.340675365401031,1.9094321397234502
2009,Florida,0.2757038890726898,3.3906416104022,36.72231900634345,7.322562707739668,1.1135903031235563
2009,Georgia,0.23525384285320589,3.163826226611958,41.55681256420794,9.421093292539718,1.3206266403416398
2009,Iowa,0.2532946077528121,3.9471989430124697,41.82838294491519,9.24883461770513,1.473686893801605
2009,Idaho,0.27726877499430697,4.70996581639953,49.333106470555805,5.736310530167811,1.4922353255537018
2009,Illinois,0.25277259517104583,5.474808825476667,44.26427231937234,10.185397343376593,1.782518497682457
2009,Indiana,0.26580714174764514,5.498511429348464,44.62934931092873,10.608501216300569,2.019106116977413
2009,Kansas,0.28071926522412965,3.6480864147303156,46.59467474319845,7.675651066509828,1.4699805077571566
2009,Kentucky,0.3026096123673344,3.7230633967053675,43.961335665661,9.657036377163402,1.953921839427814
2009,Louisiana,0.2277366838510208,4.673035448823861,41.36189377559945,8.65557603947167,1.624954131254583
2009,Massachusetts,0.280424162299722,7.5676597228343265,40.4318529315214,7.936283586789911,2.024470520939107
2009,Maryland,0.27710942530206495,6.35699936935988,45.2028793369816,8.960351647486311,2.1522758325742166
2009,Maine,0.20880905636713112,2.856998013772507,35.42184000096271,5.673903078895092,1.2865723828928002
2009,Michigan,0.22706909662945227,5.190980546415163,41.30062157660698,7.8379318097953625,1.5330460369510464
2009,Minnesota,0.23377402403526978,4.051718372707921,39.92285417964676,7.871211989084831,1.4024137277389566
2009,Missouri,0.3117320655647062,3.4947971758931766,45.11848000552967,9.04536588485614,1.9346583949569616
2009,Mississippi,0.22933279711536073,2.958423039072616,41.783211424683024,8.5534218318198,1.2008041843996535
2009,Montana,0.2962815201384127,3.5786538078064942,45.46336018954217,5.392167845132711,1.2722398885256507
2009,North Carolina,0.24592932857010072,3.6938146119431803,42.98281402684454,8.375610306316391,1.5198329909250214
2009,North Dakota,0.2691427154934421,3.601703125272251,40.71433622669706,6.592327266765342,1.3393373657552012
2009,Nebraska,0.24838724363525225,2.6987193198999204,41.93030702800238,6.459219363233786,1.2561861127437335
2009,New Hampshire,0.2223312901959263,4.17251115552001,37.25578549264926,6.306495037486708,2.074778109337589
2009,New Jersey,0.2935103546756057,10.45797962563054,43.16423707965539,9.007140142137189,2.201658363250368
2009,New Mexico,0.287837890912823,4.8455299004981205,49.73180202967673,4.503224163643861,1.333896152913127
2009,Nevada,0.3357137633101306,5.61763297172959,51.81305039605594,5.243078333943985,1.3445077763013535
2009,New York,0.2851389671886108,6.700445995462766,40.008986361516286,7.591542292110681,1.766150881532186
2009,Ohio,0.2737265573238713,5.766577372956946,46.2824669641849,10.668883240814667,2.3236348341650195
2009,Oklahoma,0.29665804527262035,3.839142552954416,48.61513916683959,8.750241484680448,1.3928455548388574
2009,Oregon,0.288848404412098,4.283710909545909,41.752409268657374,6.403236352616875,1.2715272792102397
2009,Pennsylvania,0.2919161017634849,5.710192670090919,42.45439009086925,9.314587776642758,2.999886646167044
2009,Rhode Island,0.3056961820469028,7.150663151187561,41.357204665886,7.52421140105844,1.825407429479906
2009,South Carolina,0.22755379639321505,3.6462286126501198,41.33487188836091,9.142357021161166,1.2187795821432155
2009,South Dakota,0.27729466907805844,2.450751787729864,41.505118178123006,6.467002282801361,1.0669345311197636
2009,Tennessee,0.27186457408541104,3.2514712264136034,43.54663704188266,8.858476253400005,1.7948090332298632
2009,Texas,0.28726024861430033,4.042817017920392,45.397827356031755,8.05222575929126,1.2095507139641684
2009,Utah,0.3767509524061843,7.757742859600632,54.03357207860236,6.529460207891453,1.4348753765205118
2009,Virginia,0.2703119790876695,5.172063263136048,43.220830642962895,8.486464480085546,1.8386313056137085
2009,Vermont,0.25781892103103565,3.8281080322004137,36.95596657977738,5.961858223526494,1.9137910681804964
2009,Washington,0.264146473322671,4.086603312543826,39.83472463984061,6.7236087779473195,1.3133272214300336
2009,Wisconsin,0.21630884715340645,4.756103405466031,40.57301254667754,9.30974166097627,1.6868646521828072
2009,West Virginia,0.24148143235417846,3.87254031305838,43.50605630902692,9.208419981722633,3.123355168767112
2009,Wyoming,0.32533482780914225,4.4042608393936975,48.51134905474383,5.012749466024634,1.3602171528469191
2010,Alabama,0.25108778983991664,3.3802653130934885,44.90021011270145,9.669408075168787,1.4216682075344933
2010,Arkansas,0.27649814687546986,3.9412440033037917,46.752730625463784,9.937370548085395,1.5374031984937822
2010,Arizona,0.3515725404496509,6.364946020063071,50.54093925093011,5.127917932268842,1.5987035901683273
2010,California,0.2966790217196673,6.383508545044673,46.27583367096476,6.908854209542265,1.0871027180937853
2010,Colorado,0.30942431802529996,6.800267558676097,52.20183861497579,4.943389777297922,1.8606048439604719
2010,Connecticut,0.30240675096035285,6.569360324494336,46.450258290657786,7.592901148806215,1.7014183637889237
2010,Delaware,0.2553881627071343,6.576861661559026,53.5462615457821,9.632720054738236,1.6921751191016698
2010,Florida,0.2908565187309823,3.3269954728059417,35.091725837984036,7.73972879642666,1.04340579186052
2010,Georgia,0.27522721290367014,3.697374807952576,44.425782987304785,10.206984745920368,1.392852203610613
2010,Iowa,0.22300481062386318,4.681840783424524,41.757057807590634,9.49921827182325,1.16696023804845
2010,Idaho,0.2594328959889063,4.485022902677377,47.389701596297456,5.1744589150088025,1.6591041973690854
2010,Illinois,0.2445727060734457,6.356395192606301,46.34540737698128,11.176942451556815,1.7738227720333988
2010,Indiana,0.24423905328250414,6.039494440995516,48.19031174124572,11.72803573972792,2.350681413798494
2010,Kansas,0.26044027861113717,4.546317500619152,47.35248869126521,7.968830201366623,1.680203129346534
2010,Kentucky,0.32018468293471625,4.6740655420240165,50.10978898260329,10.70713418124947,2.047765442461012
2010,Louisiana,0.24423716831904996,4.754634344585661,42.082477618766,9.25170552553925,1.80087574007641
2010,Massachusetts,0.2956062512250201,6.684711973544318,44.703986206930566,7.618915093910398,1.9512455468651895
2010,Maryland,0.29112123491099345,6.625180618845214,53.98036676851418,9.302975216934401,1.809166866936305
2010,Maine,0.23700158818108713,2.20951914183731,37.27341661008734,4.865206914971986,1.187444005036841
2010,Michigan,0.26112999994241437,4.230163986163571,43.47881932747121,7.313835152583528,1.3437485941439957
2010,Minnesota,0.22812857975869788,4.3666425288815836,38.995319482237186,7.688451339356637,1.176270108951162
2010,Missouri,0.31658231396753095,4.314864405626443,46.55061354233104,9.687951917385076,1.9223251071545024
2010,Mississippi,0.24816577578477,3.192991245741854,43.79638177169029,9.092783213712734,1.4748330640585172
2010,Montana,0.292257708802516,4.2648187961359145,43.65954947294263,5.363145562740472,1.5158830826655232
2010,North Carolina,0.2838104191804087,4.210347088971966,49.24582380488486,9.161223447382445,1.4421311852486614
2010,North Dakota,0.2447681376397508,3.6308976440623675,39.07231224139704,6.961460079605372,1.3107141266631652
2010,Nebraska,0.23828276950432833,3.8566643828927507,42.8736860932638,7.100601755037873,1.4105223891756402
2010,New Hampshire,0.24831819276154882,3.172486224678968,41.5187040902214,5.763657172679274,2.0243564786362613
2010,New Jersey,0.2987122536551673,9.796462991440668,51.35769224787453,9.088671324888159,1.6939052447733092
2010,New Mexico,0.31660199192467003,5.14197965411303,50.236730242264834,4.440271576412087,1.655185768162672
2010,Nevada,0.33289492387141856,6.432317004019679,52.80746541663953,4.490870791760202,1.4568250172885884
2010,New York,0.29794411322144504,6.19105352934419,44.36335374893157,7.669798270885821,1.4690889530842424
2010,Ohio,0.27092861506226934,6.044496320790383,50.18212636703008,11.438465398278712,2.4763167229786447
2010,Oklahoma,0.2949751428312224,4.282354457517318,46.28956687895084,8.898889397954942,1.5058889400113091
2010,Oregon,0.2876439525593615,4.394240000732267,38.221351356579454,5.194027184899019,1.168945493699198
2010,Pennsylvania,0.3175880215109895,5.651232579413975,48.986256675222805,9.330635218151215,2.5904311088080467
2010,Rhode Island,0.3106071993238262,6.49939510105064,46.03045049511665,7.544777901351109,1.9858567110844902
2010,South Carolina,0.27334706849819107,3.7247852013412577,44.98265140130207,9.78146751517163,1.3019471365656168
2010,South Dakota,0.26819479800725426,3.371256602648655,41.84748454425136,6.959699319075766,1.1760568108619809
2010,Tennessee,0.2961895700599381,4.623485974658201,49.45737708865506,10.026149524725605,1.976305204478713
2010,Texas,0.2992100958549874,4.36201358880636,41.62245992377065,7.94841681782264,1.2667652646692393
2010,Utah,0.3543782496910003,6.941183978831306,54.6804845254045,5.883494860355563,1.7910096511482299
2010,Virginia,0.30788501554087033,5.743711284899751,50.85949078823794,9.311133888150458,1.6527353720814808
2010,Vermont,0.26926819134556584,3.2283222371661457,39.014182611880564,5.7941668911650455,1.5470964057572423
2010,Washington,0.2735106244334401,4.499500877796597,34.80077470153616,5.655895398406168,1.1465831410542267
2010,Wisconsin,0.24896653535543412,4.509352166801566,40.46557570950971,8.627128371049636,1.5002446581595175
2010,West Virginia,0.298659111181895,4.558749160079548,49.39342751530328,10.311163131983163,2.8071508259548095
2010,Wyoming,0.32221763575603674,4.91981146471074,49.38097131762344,4.951493675629716,1.7359149951504844
2011,Alabama,0.22756986863008852,3.5508646401554387,48.08046801844533,9.71067380793932,1.1905559372568628
2011,Arkansas,0.23935949745421775,4.3014917711941285,51.21726302182144,10.039007324273346,1.2524203306695478
2011,Arizona,0.3119421357680024,6.999303844720589,52.48665972572805,5.89173715594878,1.4951525544239328
2011,California,0.2748998519113523,7.001545111460665,46.47464402167764,7.67531447507878,0.9410377015356254
2011,Colorado,0.23692514727081468,6.464312097265481,54.841249711315356,4.966864332944237,1.1361400405473043
2011,Connecticut,0.2578683366418487,7.718559911125019,44.372503375184664,8.236390037579065,1.5303242042712237
2011,Delaware,0.24021991993543834,6.340985695071503,51.234329184605066,8.91543983804722,1.3930694529149232
2011,Florida,0.22505805511410307,3.2756749686615816,40.244702508405034,7.680315421004429,1.057713906895454
2011,Georgia,0.22023561012842757,3.8650683369709413,49.70921768407739,9.87141241009066,1.2663961502517496
2011,Iowa,0.22883930548349896,4.69087767295682,42.84317964755968,9.43431492755824,1.1157367405542638
2011,Idaho,0.22711966342044104,4.841576219414952,48.95655613729943,5.748661864518863,1.1318912508685934
2011,Illinois,0.2374137523908023,5.879064547985418,47.66583908880285,10.59250851370746,1.5593206431763709
2011,Indiana,0.2160359188220154,5.607911964542148,48.1136225845392,10.772174413217984,1.9814121865453818
2011,Kansas,0.20726686652953702,5.39108791553442,52.924617283270045,8.297216212500704,1.1896661728861486
2011,Kentucky,0.26304061302888965,4.088713346857824,49.33210334787643,9.380395091105033,1.6401922603390169
2011,Louisiana,0.21258675744812625,5.089364343644498,45.88376652498045,9.026254505402328,1.5645285336765724
2011,Massachusetts,0.265399462500294,8.585642259513362,41.81637124497032,7.960653836287965,1.7394691768764794
2011,Maryland,0.24153457066062636,6.0259532846173665,51.476657411893335,8.892020604758642,1.6243827627646992
2011,Maine,0.2016875208548193,2.3652831820562525,34.565327360168325,5.905652848708464,1.0480635942107357
2011,Michigan,0.21299413264273329,4.248021713127772,42.704384160654605,7.37837167916295,1.2079767551804879
2011,Minnesota,0.21553626022159722,4.415757964271278,39.32062700146381,7.27471737888292,0.9709908385173873
2011,Missouri,0.2836532638652202,4.31094505536208,49.37779612192795,9.82247790492957,1.4121888611616689
2011,Mississippi,0.21765050745186187,3.620199161879839,47.69681933181235,9.18226922504442,1.2103421189409553
2011,Montana,0.19311881985711507,4.325777180531666,45.10402380713326,5.153964356652127,0.9770810281057685
2011,North Carolina,0.2227771292796053,3.8433585545942672,50.55505025760337,8.748767330982883,1.2123740637296576
2011,North Dakota,0.2121776823872637,4.04760485731227,39.288938048005356,6.284329657785501,0.9431390921527405
2011,Nebraska,0.16124434616522923,4.2183485559816996,45.34776488769403,6.86521864410308,0.9662357529284991
2011,New Hampshire,0.22129358988600392,3.9855572988090957,38.01609564167574,6.521541505753146,1.673817819569021
2011,New Jersey,0.27533245598793943,10.364237344572482,48.10248430501948,9.64894676495081,1.741834820720543
2011,New Mexico,0.24925905849725769,5.5835943001211525,54.93431847382727,5.766103866847964,1.1632765157081206
2011,Nevada,0.3023475530210526,6.459247750544007,50.77596160337938,5.195632961432731,1.344112914065584
2011,New York,0.2675239775442108,6.971352373320051,41.73394665462536,8.098401714273407,1.4674740242841464
2011,Ohio,0.22857861106154267,5.583971190648416,48.608692978721976,10.52443024026701,2.017017713265824
2011,Oklahoma,0.2412281457282456,5.198969470428975,57.26306582164867,9.494182754425694,1.243642587590758
2011,Oregon,0.2224529231860267,4.542202859808312,39.41332571104186,6.584914138061329,1.0584446988420784
2011,Pennsylvania,0.2574750961545155,6.1948007651888926,46.61975529512798,9.69279547166262,2.0130257703694694
2011,Rhode Island,0.2732063162059282,7.508052231822025,44.67683282893208,7.79637543347202,1.575372604196886
2011,South Carolina,0.2178058584217507,3.499571873111039,48.996324106277676,9.713010719689468,1.1842357692397634
2011,South Dakota,0.20065119393731745,3.3534967693239013,42.87408924409408,6.242136561568208,0.844037715933185
2011,Tennessee,0.24237832227384964,4.661396525515534,50.43052444317938,9.263133303144167,1.5368048989033982
2011,Texas,0.25331076945385156,5.024994310958057,50.719823334145325,8.975574290894988,1.2353600866056602
2011,Utah,0.30802122232434725,7.168499695345464,55.62262187555536,5.732240305331244,1.2378314502306156
2011,Virginia,0.2536265073263657,5.09204591155688,49.38220703674033,8.78254594887251,1.354435835465723
2011,Vermont,0.22320495429047663,3.554368748126581,35.68141560039792,6.222416992415089,1.5264601913823987
2011,Washington,0.22865435963750208,4.606384218103449,35.61737952199736,5.969692679141757,1.0104194246791216
2011,Wisconsin,0.22584848948862352,4.705999529849908,40.50047069443828,8.678041417391256,1.2446963228094983
2011,West Virginia,0.22239376889321344,4.300057892045449,47.29687064979707,9.22868233257114,2.238737135758275
2011,Wyoming,0.25092322973927633,4.353018417388998,49.3068653555486,4.689769023610301,1.1668104814529159
2012,Alabama,0.2202861261918566,3.106638744083803,45.19527749066494,8.645770593693978,0.8573243823927308
2012,Arkansas,0.23188849610435777,3.765627860293485,51.000242927541265,9.061075318849854,0.9154448011005053
2012,Arizona,0.34506535498946295,5.630369355205636,52.955122650868425,6.263609998160293,1.5734164438644174
2012,California,0.27302225322952633,6.279786512401167,49.899649765923186,6.975014446125234,0.9431513285011381
2012,Colorado,0.2512358222113951,5.381956979085952,57.78672044208519,5.558947950446126,1.1778110078492865
2012,Connecticut,0.27971854451448874,6.609770490902276,44.961695779921115,7.424008540793904,1.1899351773808258
2012,Delaware,0.26545382189277034,6.135660694198727,52.545996368389005,8.62045011718817,0.9628011132435157
2012,Florida,0.21438539221386715,3.391625808410053,35.80852402755966,6.853335029416118,0.8737691561156752
2012,Georgia,0.21345455117128148,3.64119859423972,43.492573031399075,8.678900802100086,0.9840511536889586
2012,Iowa,0.23596262929443343,5.330099893226654,50.77517364428667,9.1205007126915,0.9874468887800384
2012,Idaho,0.2313598074230727,4.424373325377787,50.55081047946117,7.301645948424828,1.3581894759368252
2012,Illinois,0.25243098516472934,6.279209226011439,53.7877065161489,9.783178417303054,1.3814272075548881
2012,Indiana,0.24605159693917453,5.869179041232631,53.034906180050164,10.007415999399207,1.662324814226912
2012,Kansas,0.2095104708494993,4.97453340070848,55.98547412642984,8.414163654473281,1.1968163382856492
2012,Kentucky,0.25049358072140987,3.8396684761578666,52.878654588426116,8.666532269845296,1.306803751126774
2012,Louisiana,0.2059003240681298,4.746216089696519,42.947300781108176,8.780910750445761,1.290408019626137
2012,Massachusetts,0.27673690581577043,6.739028675014895,43.394138795734435,7.466620774565745,1.3584946568586898
2012,Maryland,0.2664128418922428,5.796187353878441,52.54126215818831,8.526968353377907,1.2114152604567223
2012,Maine,0.20405031366520426,2.2449301759020543,36.55784486163292,5.656014688160343,0.47503231285103814
2012,Michigan,0.20449870249843127,4.134039752346281,49.03090566806968,7.4572741640451365,1.0226327647151991
2012,Minnesota,0.21496360876507792,4.951132468465396,45.45325176622548,7.781898654714211,0.886234636021825
2012,Missouri,0.2671304377751221,4.108594715084811,54.82119105382134,8.735341208341257,1.2670562524039124
2012,Mississippi,0.23246241561855363,3.200373024532408,44.9802791244512,8.64659318231322,0.8467564514958412
2012,Montana,0.20351454393264695,3.8835515197741297,44.24269747262356,6.351616303721799,1.0847827826028893
2012,North Carolina,0.20750112489111713,3.661484247919889,46.50571008190571,7.678714580786458,0.975098505582953
2012,North Dakota,0.21263578555474785,4.258443148237048,44.27754783092011,7.154302610233246,0.9309360782663775
2012,Nebraska,0.17532796725337316,4.691167220546808,52.36438664611882,7.616765070996679,1.059134073737527
2012,New Hampshire,0.2190915479282609,3.328930855584491,40.09369339643322,6.184874399444609,0.7498015013796786
2012,New Jersey,0.28256249588031235,9.047588314104562,49.23423927983755,8.87552213884537,1.1731347956782738
2012,New Mexico,0.25813906008828136,4.771097200611922,55.52110305225176,5.71712748475509,1.2022638383975313
2012,Nevada,0.3394365139243649,4.874441636050738,54.38596525010735,5.5406172302819545,1.391569667318797
2012,New York,0.26057082982154894,5.789392978240784,44.261296946488024,7.5128978271095495,1.1834108553107037
2012,Ohio,0.24688377312198898,5.817100572434305,53.70975072224292,9.954068262614358,1.616853621271455
2012,Oklahoma,0.21234447115920252,4.521167697954837,56.17465575803835,9.29663537616487,0.9998772875915343
2012,Oregon,0.25043337114695935,4.597052709254772,42.78551550855234,6.252494510582982,1.1783518361357743
2012,Pennsylvania,0.26821889502954416,5.56220115207102,49.426515076842115,9.150592028689028,1.7040945650384003
2012,Rhode Island,0.284390430741902,5.644623252254516,45.34439738429282,7.0637856020558205,1.315613063175946
2012,South Carolina,0.1923729501494825,3.3565742716607034,42.63259015659429,8.452390768536421,0.9183565701994063
2012,South Dakota,0.19601164207433086,3.7464732898562985,50.142345955397424,6.7258097939531645,0.8398513795714457
2012,Tennessee,0.24267593420906017,3.8345444440985412,51.02098692402444,8.40217865250126,1.2354532362645025
2012,Texas,0.26017641851205725,4.419766804609443,48.390065959294006,8.700822746147496,1.074988490207559
2012,Utah,0.31412708390334965,5.498776928408293,57.75645684802128,5.779247181891825,1.2438659395325005
2012,Virginia,0.25525170152717597,4.77575600494021,48.52089873983911,7.994201318234028,1.1776186254365157
2012,Vermont,0.22590382779865256,3.116905191075041,38.93182330524868,5.638155239746223,0.8725503086639985
2012,Washington,0.24176354913233639,4.828991985380325,39.129559067762266,6.057118945476504,1.0561478263488202
2012,Wisconsin,0.20790426317320845,4.504421783870333,47.28892849075064,8.364301913485358,1.141251560053019
2012,West Virginia,0.24326271907885372,4.4054101506435925,50.29632902470109,8.621980161842776,2.0010560915477877
2012,Wyoming,0.2609501421849463,4.436251767761201,53.08958757632511,5.648759630091835,1.2428313100620998
2013,Alabama,0.19731266865908795,3.3881887896596634,39.29062297408531,7.7459598715807365,0.7249936822738852
2013,Arkansas,0.20446299364457524,3.823604933798794,45.82283693880949,8.505815619779927,0.8895684790823847
2013,Arizona,0.3205253346418431,5.710251857824599,51.52023847720625,5.684517102138596,1.6314101016623994
2013,California,0.28322785413097135,6.472338787963016,48.7338604685761,8.253820965829032,0.9031209925514114
2013,Colorado,0.24412563786029606,5.475042155759734,53.89956498344109,5.23333929086373,1.1789133893865587
2013,Connecticut,0.24386660711958238,6.330909356494088,42.711234977836426,7.0855988134138315,1.176510468961941
2013,Delaware,0.21818456310226933,5.37882758205231,45.484657246224465,8.39033746769718,0.8837220432439743
2013,Florida,0.22877194341378396,2.970113657009279,33.503878847227575,6.513427965969167,0.9243210431802741
2013,Georgia,0.21547980116700824,3.7192744132191478,37.847004602716176,7.893740448288997,0.9206828460968821
2013,Iowa,0.1831465137634951,4.449603341118146,44.4251046229962,8.835870093035934,0.9359622928099774
2013,Idaho,0.23253808522028824,4.4736464408396,48.011816380447584,7.109439217239951,1.1267783225046848
2013,Illinois,0.2090740785914477,5.895865020294459,46.33401688224508,9.844727463010559,1.2691917188082067
2013,Indiana,0.20375538252111416,5.569237152430895,46.00851283480807,9.779878156674643,1.5397993168473032
2013,Kansas,0.18414024268064308,4.562831036168047,48.89593314856742,8.048405732588774,1.1044991174014072
2013,Kentucky,0.2552145039991976,3.7338295156746164,44.44915970137668,8.294626239025025,1.054183607619978
2013,Louisiana,0.19466418194420326,4.580625049565743,41.006140354654185,7.604305256711473,1.0244399172561847
2013,Massachusetts,0.24721091877008744,6.912604628305195,41.475097374399056,6.955427591486319,1.1624648384514307
2013,Maryland,0.22338518599307136,5.2610377634838885,45.96471937969145,7.869817765083397,1.042378422461653
2013,Maine,0.17765298773001287,2.733479662793413,36.203948615877984,5.214370437838575,0.4639076247186795
2013,Michigan,0.20555180972312453,4.218487521202192,43.92461097390031,6.648787586154243,0.96256562201844
2013,Minnesota,0.18653135197258142,4.300869738811772,42.638791557858475,7.457189251423169,0.8663338722184308
2013,Missouri,0.24841103109195795,3.9616830957529583,46.12239013919022,8.731778718395963,1.2129872142430456
2013,Mississippi,0.18515208594479635,3.4529705655064964,41.19011560558834,7.82723382014693,0.7571092298048928
2013,Montana,0.2025873528152667,3.645520968631908,44.303552622077554,5.737592201151076,1.0156984548541867
2013,North Carolina,0.21897303050448425,3.642655307355207,40.43622333907656,7.276567450551534,0.8563033885176252
2013,North Dakota,0.18508078878861103,3.8180743334837666,43.0558095529633,6.9531169202815715,0.9388201654582988
2013,Nebraska,0.14986009656225827,4.037231688045153,47.058282126109,6.7064428406269245,1.0012775779678629
2013,New Hampshire,0.1908592758835716,4.020872243543696,38.01829249829615,5.625102051499599,0.7444391710109614
2013,New Jersey,0.2702443840053249,8.529777499826238,44.73091159075874,8.737910682601925,1.1425693701995772
2013,New Mexico,0.25566673090880593,4.576743176364155,53.70182413001187,5.275465101504812,1.211531908043458
2013,Nevada,0.334210482428217,4.863708218198845,53.53966268959908,6.395243668351146,1.3932468703741927
2013,New York,0.23870328303084015,5.621427219387082,41.90457979510084,6.866298618871548,1.1267827443405987
2013,Ohio,0.21762231058895562,5.505608112060449,45.71598583716484,9.491055849380007,1.4498957813855418
2013,Oklahoma,0.22573519797188157,4.105455553820245,49.720877543302116,8.690969797372956,0.9760968406523971
2013,Oregon,0.22004017278213586,4.473373330657961,39.8573599538936,7.171580100252868,1.1343854529028046
2013,Pennsylvania,0.25317271627734717,4.9751590279191635,45.26071546786437,8.504309257561214,1.5433698132582472
2013,Rhode Island,0.255453674786723,6.447619431663864,43.30450746088938,7.144289938426338,1.0376292747072164
2013,South Carolina,0.21653419750400557,3.4233946311899133,37.338006295195335,7.559403134999321,0.8702593198812193
2013,South Dakota,0.17713113248098925,3.184486882071693,46.01771244094021,6.600967768380055,0.8191172336124625
2013,Tennessee,0.23765767054013226,3.7372601569668054,43.07766042918665,7.9552012528865275,1.0427556626073151
2013,Texas,0.23459236219675672,4.039542775874503,46.517767615398014,7.9682382135513565,1.0752726956841636
2013,Utah,0.33409120592005953,6.471988402039512,54.45310428189181,7.147982157911347,1.194540395439718
2013,Virginia,0.2399188763097705,4.727087716431985,41.57843719817999,7.446737872253174,1.0330782235179305
2013,Vermont,0.20887478528277365,3.29765858740955,37.79163142333832,5.382900887582059,0.8203200237594589
2013,Washington,0.22374447451526058,4.476934505278412,36.56265277667467,6.249633205786403,0.9668136357603941
2013,Wisconsin,0.20056374285730996,4.34236283280005,42.73319560964627,7.7279771395873365,1.0656382036985872
2013,West Virginia,0.2270228063942687,3.9084280838881296,42.804832446199185,7.714235506996121,1.8260361861391374
2013,Wyoming,0.2631273316467413,4.082986978398658,50.841082417785536,4.8635991107015775,1.2974633592393003
2014,Alabama,0.1866937263122391,2.8623531364452828,40.458889505203466,8.66966084201499,0.8686584538043512
2014,Arkansas,0.22364510309015562,3.086455160635525,40.31964051133634,8.790558270702267,0.8851608050939789
2014,Arizona,0.31111816956237415,4.998783550932659,48.94812439293768,5.565769727694297,1.433899321834389
2014,California,0.27290225704785037,5.625267455455134,49.067899422410186,7.322446877346288,0.7380198815178832
2014,Colorado,0.24501543701927347,4.6516463601901785,52.298136288366145,4.719028178380406,1.1425267188281778
2014,Connecticut,0.24633472892396538,6.376254511530545,41.66717478826716,6.926869140810467,0.8660810832899869
2014,Delaware,0.22669915291793033,5.19809432280515,46.114909096869006,8.401740268641293,0.8245353426952174
2014,Florida,0.2304551827398591,2.7668683757802444,36.4537136761452,7.039632715848958,0.8114704674390298
2014,Georgia,0.21589154393811952,3.4759769052649068,40.76895903116228,8.968507564620802,0.9474241290643968
2014,Iowa,0.243601167187984,3.8942351528597188,42.09903662656764,8.147023181211951,0.791881419140659
2014,Idaho,0.2511363213057394,4.040057626525423,47.21330562916146,5.414340990392322,1.1426168462409574
2014,Illinois,0.24348291216677195,5.2254079136857845,45.063928194912016,9.877890374960803,1.1793801844884408
2014,Indiana,0.23739944041241454,4.894337234189244,44.5163828137266,10.066888582345516,1.5626583648114498
2014,Kansas,0.21028313850702893,3.7623457730281875,47.83182877806971,7.703343383018455,0.986195083513976
2014,Kentucky,0.2309944679571704,3.333524940474339,44.89900933852686,8.828601053601995,1.0978338868574797
2014,Louisiana,0.2278314640464798,4.034946260560768,37.93443909414183,8.114357385194355,1.066887654037862
2014,Massachusetts,0.2524281303195524,6.457559500349961,40.044153215213655,6.127268213463174,0.9802397054634209
2014,Maryland,0.2200890419143642,5.242330944802613,46.43211954917451,7.861345849329919,1.0499717615113155
2014,Maine,0.1851738469022917,2.5688981035264424,34.86218779903244,5.529360782223128,0.7548674842004257
2014,Michigan,0.21944045001671295,3.9665626479584666,42.16666926535499,7.419507996304077,0.9695470237976935
2014,Minnesota,0.22946418817154457,4.045134170954762,39.8023038965989,7.157299166472452,0.7947099942497936
2014,Missouri,0.24884719444979875,3.5965479751800262,43.50305591461839,8.810536291394428,1.0947497153276389
2014,Mississippi,0.20008783381813344,2.8008979856716754,38.78440400593769,8.480962482931208,0.884039559783955
2014,Montana,0.19958101893912453,3.1108573678411426,42.26606321016252,5.1068729976268585,0.9429887110766249
2014,North Carolina,0.21075103710244783,3.2754706279074237,43.56254839779713,7.602909600534889,0.9015504955573683
2014,North Dakota,0.2256155784615237,3.666583543653765,40.014035652224806,6.377907456476589,0.8169134809809289
2014,Nebraska,0.19117010919138255,3.3742867617645014,45.202537426668144,6.196171460766703,0.7844143797533832
2014,New Hampshire,0.19363885012017362,3.917687123911508,37.20310060369452,5.366631391513729,0.9314174852984232
2014,New Jersey,0.26810574000537163,8.679962323740524,45.10115414965879,8.683317788019815,1.093799705586498
2014,New Mexico,0.26939567137598747,4.01587325117577,50.57359049832838,4.694013625296279,1.1875015840185041
2014,Nevada,0.3052116090718527,4.142269449526327,52.4449813508188,4.953885715749948,1.3442152909790948
2014,New York,0.2331148177964543,5.5360046515967785,40.411563886878504,7.11681645722839,1.0646767286295495
2014,Ohio,0.23191599271135485,5.0654625753367295,45.929219513684274,9.545609094262803,1.308444715480868
2014,Oklahoma,0.24083198611103482,3.4823562726233503,46.10351013834943,8.564156895538527,0.8432951687743274
2014,Oregon,0.2538869434042512,3.8167525101007342,41.154436998901986,5.7299821035295375,0.8846706861858161
2014,Pennsylvania,0.24357735527650318,5.244746220650575,44.03024754017459,8.493329799902202,1.5107192813636952
2014,Rhode Island,0.2504958597638022,5.7935300246526955,41.58429854361856,5.973168950466344,0.864540463898303
2014,South Carolina,0.2099175386744216,3.3624825821538105,40.42367840305384,8.576366261841859,0.8919046850326021
2014,South Dakota,0.19660476789495468,2.6884536107132373,42.27983324814145,6.0810360180696295,0.7180670198871766
2014,Tennessee,0.22282888117701632,3.3090546429974115,43.287716557670855,8.327943495308872,1.1749685136463808
2014,Texas,0.25471421259739047,3.449142575063688,42.972464075163955,7.857099290387437,0.9734231828756317
2014,Utah,0.29391080437222,5.357197469186018,52.92085106553324,4.9991277754755945,1.189950721897867
2014,Virginia,0.2202066579166476,4.4755635147163995,43.664479755813545,7.834282514427339,1.0696666331973141
2014,Vermont,0.20342014229414979,3.6192840692647263,36.98081355465789,5.842934174141015,0.7320699190960186
2014,Washington,0.24457511731967338,4.18257446639488,37.55060062214881,5.550109754648822,0.7758169100177408
2014,Wisconsin,0.22481103379092693,4.034250450199635,41.43240443803032,7.8919764989901,1.059669947159854
2014,West Virginia,0.2102173091713746,4.242793784034668,43.40767668530423,8.031489198777484,1.487374749929665
2014,Wyoming,0.2379980884611065,3.4655243148730284,47.92018416787959,4.383670217531085,1.2138875372595865
2015,Alabama,0.23208094490667394,2.9994063754160143,40.14923835460693,7.858862554525551,0.6860870951081023
2015,Arkansas,0.2129018682938904,3.199164302311201,41.335735578665485,7.965704723604035,0.8057075148955668
2015,Arizona,0.3008976148598566,5.399258088203525,51.10662631086027,4.636777011024806,1.4585272139679344
2015,California,0.2669435217532424,5.664280922402462,48.0950526206451,7.674367714151878,0.789418575805087
2015,Colorado,0.24431062121008915,5.077701817502451,51.71637964186889,4.243944957348388,0.8938496235486093
2015,Connecticut,0.23451158989428963,6.282245861052886,44.50432237605777,6.858971697824918,0.6568611056602311
2015,Delaware,0.22146950374159666,5.784298805584676,48.3751117898471,8.25734905090678,0.6977280300642003
2015,Florida,0.23562889883616234,2.3586417856932234,36.02506552611923,6.2618237309855065,0.8142721898586264
2015,Georgia,0.23494551581887516,3.0020024930495155,40.98399410321193,7.6443276081753835,0.7542160369856321
2015,Iowa,0.17962238284265566,3.413085615000592,41.8617564226933,7.3251875583125985,0.7900901675936006
2015,Idaho,0.21519090595864654,4.222677781064989,47.30496626337567,6.33818487255236,0.9957170697638843
2015,Illinois,0.2041358057718928,4.401106180330608,44.442353192449644,8.530112094661808,1.1195928316841361
2015,Indiana,0.21255606811984826,4.565473244927427,44.17610669074822,8.964240053101713,1.2850239514828359
2015,Kansas,0.18643614909621664,3.8594336259539572,46.677271213812304,6.808365062951699,1.088526947812447
2015,Kentucky,0.23000368344688388,3.2073321615854975,44.61601438823616,7.936378970924011,0.9047411448207677
2015,Louisiana,0.20671561469411914,4.0321705423799665,39.38075366594667,7.686682832993984,0.8818891612010326
2015,Massachusetts,0.24021304748735456,6.801108771122932,42.3775156408089,6.383690700395207,0.7275281468012275
2015,Maryland,0.22860922210852083,5.519228406483859,48.37769152119856,7.9123877760859855,0.9101362242815907
2015,Maine,0.20750720300899575,2.689631202451039,36.28500322767855,4.802184681257554,0.7383988088993159
2015,Michigan,0.2242528630809243,3.7448860721967447,43.100259493211176,7.151938798675454,0.9930321880109368
2015,Minnesota,0.19740107550567437,3.545160247174789,41.02901724522444,6.224433488553564,0.9043325071643783
2015,Missouri,0.20950183842077447,3.1059478752241563,42.73228176809131,7.61844648809843,1.08395415747687
2015,Mississippi,0.21361414731523892,3.059053669184402,39.7405878507523,7.461459015569339,0.7752045232518517
2015,Montana,0.20001172635443204,2.8044091869227024,43.68903299446167,5.929245258027534,0.8878137389650397
2015,North Carolina,0.22418058235479146,3.1927423267123753,44.82971971064893,7.00109200182111,0.749032425366613
2015,North Dakota,0.19031704567491445,3.098789136491652,43.20009980393996,6.455865191963794,0.9727171353661846
2015,Nebraska,0.16649809320630052,3.2311863688231908,45.92265501593284,5.901233149496666,0.9467156997137677
2015,New Hampshire,0.2144035824014082,3.968118423006202,38.325615892021894,5.2839046794655475,0.7646386141375763
2015,New Jersey,0.26663778146101486,8.624079537198607,47.9862124982173,8.551535053217819,0.7912718278057567
2015,New Mexico,0.26322980218143394,4.617149848457866,52.044998228360335,4.1930768220679875,0.9376479833354195
2015,Nevada,0.29539971640755364,4.819901292456963,54.11165163976517,4.375913200247037,1.175122523292581
2015,New York,0.23299581813590647,5.939871240925124,42.96928775841146,7.105443274693545,1.0124236919192109
2015,Ohio,0.22093175439030321,4.983904771903631,46.16001841307869,8.974430711415748,1.0632569177110691
2015,Oklahoma,0.21953997243177137,3.4275405745178595,45.35629855637266,7.612654696371454,0.8522496807029609
2015,Oregon,0.23169501898227157,4.043356630125241,43.91992038128231,6.2981452584053645,0.8810180541941838
2015,Pennsylvania,0.23467780391563764,5.604527606202586,46.631844069694985,8.594273870948857,1.3970615014166365
2015,Rhode Island,0.23869364550453903,6.339398876640971,44.2509275669929,6.276268018762636,0.5265231170647015
2015,South Carolina,0.22884312022265013,3.0954410643515415,42.114042796189494,7.501848294237883,0.5800521555363889
2015,South Dakota,0.17737520496850473,2.5606145609779665,44.01200014539877,5.845773670253259,0.8241643590324653
2015,Tennessee,0.22738142224999805,3.231812846987078,43.45610114366024,7.531038067619995,1.1376357463993316
2015,Texas,0.2355387394745912,3.5340639374277565,43.426770015767794,7.443195634056899,0.9530568849345566
2015,Utah,0.2730820338672447,5.503396815738963,53.936457921159736,4.764058153670131,1.035620124284247
2015,Virginia,0.2371116693933646,4.333490530507007,44.77330839389034,7.393720165684856,0.9557045919154187
2015,Vermont,0.201840686155044,3.520804607428101,37.87156088071212,5.399423961025834,0.6576559574635962
2015,Washington,0.23304713408516384,4.182594049927013,40.52697813792481,6.219809592391218,0.7503235262546841
2015,Wisconsin,0.2095117312736541,3.742193563457021,41.92610130498948,7.127666668714661,1.0292499146489975
2015,West Virginia,0.2395107935394996,3.9963157328690384,44.03294638630555,7.580496694661357,1.3655847146508848
2015,Wyoming,0.24556231098272413,3.7147277660744478,48.86062062800323,4.538551617008625,1.198621575587806
